â€‹Category	Risk	Probability (1-5)	Impact (1-5)	Total Risk Score (=P x l)	Mitigation Strategy	Status	Comments	projectId
Performance	Animation performance degradation on low-end devices with 10x10 boards	2	4		Implement performance budgets, use CSS transforms, add quality settings, progressive enhancement for animations	To Do	Affects user experience on mobile devices	7232f0a3-e8a9-4501-8df1-bdb7d2eaaec5
Architecture	Redux store becoming too complex with multiple slices causing maintenance issues	3	3		Use Redux Toolkit best practices, implement clear separation of concerns, document state shape, regular refactoring	To Do	Could impact future multiplayer integration	7232f0a3-e8a9-4501-8df1-bdb7d2eaaec5
Testing	E2E tests becoming flaky due to animation timing and async operations	2	3		Implement proper wait strategies, disable animations in tests, use deterministic timing, quarantine flaky tests	To Do	Could slow down CI/CD pipeline	7232f0a3-e8a9-4501-8df1-bdb7d2eaaec5
UI/UX	Responsive layout breaking on extreme aspect ratios or foldable devices	2	4		Extensive viewport testing, implement container queries, define min/max constraints	To Do	New device form factors emerging	7232f0a3-e8a9-4501-8df1-bdb7d2eaaec5
Technical	Input handling race conditions during rapid move sequences	4	4		Implement move queue, debouncing, state machine for input handling, comprehensive concurrency testing	To Do	More likely on high-end devices with fast input	7232f0a3-e8a9-4501-8df1-bdb7d2eaaec5
Architecture	Monorepo migration complexity when adding multiplayer in future epics	2	4		Design folder structure for easy extraction, keep networking code modular, document architecture decisions	To Do	Future-proofing concern	7232f0a3-e8a9-4501-8df1-bdb7d2eaaec5
Data/Storage	State migration failures when schema changes between versions	2	3		Implement versioned migrations, comprehensive migration testing, fallback to reset with user consent	To Do	Critical for app updates	7232f0a3-e8a9-4501-8df1-bdb7d2eaaec5
Performance	CSS Grid performance issues with frequent board updates	2	2		Use transform for animations instead of grid repositioning, implement virtual rendering for large boards	To Do	Modern browsers handle well but worth monitoring	7232f0a3-e8a9-4501-8df1-bdb7d2eaaec5
Integration	OAuth provider API changes or deprecations breaking authentication	2	4		Version lock SDKs, monitor deprecation notices, implement fallback to email/password, abstract provider logic	To Do	Google/Facebook change APIs frequently	7232f0a3-e8a9-4501-8df1-bdb7d2eaaec5
Performance	Database query performance degradation with growing user base	3	4		Implement proper indexing, query optimization, caching layer, database monitoring, load testing	To Do	Stats aggregation queries particularly vulnerable	7232f0a3-e8a9-4501-8df1-bdb7d2eaaec5
Infrastructure	Avatar storage costs escalating with user growth	1	3		Implement size limits, image compression, CDN caching, storage quotas, cleanup policies	To Do	S3/storage costs can surprise	7232f0a3-e8a9-4501-8df1-bdb7d2eaaec5
Technical	Board shuffle algorithm producing unsolvable states due to incorrect parity calculation	3	5		Implement comprehensive unit tests for solvability verification, use proven algorithms, add deterministic seeding for testing	To Do	Critical for game integrity; could destroy user trust	7232f0a3-e8a9-4501-8df1-bdb7d2eaaec5
Technical	Email verification service delivery failures	1	4		Multiple email provider fallbacks, retry logic, monitoring, local queue for retries, clear user communication	To Do	Email deliverability varies by provider	7232f0a3-e8a9-4501-8df1-bdb7d2eaaec5
Privacy	Sensitive data exposure in logs or error messages	3	2		Log sanitization, structured logging, PII detection tools, security training, audit reviews	To Do	GDPR violation risk	7232f0a3-e8a9-4501-8df1-bdb7d2eaaec5
Scalability	Authentication service becoming bottleneck under load	2	3		Horizontal scaling preparation, caching auth tokens, connection pooling, load balancing, performance monitoring	To Do	Auth is called frequently	7232f0a3-e8a9-4501-8df1-bdb7d2eaaec5
